{
  "uac": {
    "default": 1.0,
    "hyundai-2011-2022": 0.85,
    "kia-2011-2022": 0.85,
    "nissan-rogue-2014-2020": 0.95,
    "nissan-altima-2013-2018": 0.92,
    "nissan-sentra": 0.9,
    "chevy-cruze": 0.92,
    "chevy-silverado": 0.92,
    "chevy-equinox-2010-2017": 0.94,
    "honda-accord-1996-2006": 0.95,
    "honda-civic-1996-2006": 0.95,
    "honda-any": 1.05,
    "ford-f150-2006+": 0.9,
    "ford-focus-2012-2018": 0.88,
    "ford-fiesta-2011-2019": 0.85,
    "ford-explorer": 0.95,
    "jeep-grand-cherokee": 0.9,
    "jeep-compass-2007-2017": 0.88,
    "jeep-patriot": 0.85,
    "dodge-charger-2011-2021": 0.92,
    "dodge-journey": 0.88,
    "dodge-dart": 0.82,
    "chrysler-200": 0.85,
    "chrysler-300-2011+": 0.92,
    "toyota-any": 1.05,
    "subaru-any": 1.08,
    "lexus-lowmile": 1.1,
    "acura-lowmile": 1.1,
    "mazda-any": 1.02,
    "bmw-any": 0.88,
    "mercedes-any": 0.88,
    "audi-any": 0.85,
    "vw-any": 0.9,
    "mitsubishi-any": 0.85
  },
  "westlake": {
    "default": 1.0,
    "hyundai-2011-2022": 0.9,
    "kia-2011-2022": 0.9,
    "nissan-rogue-2014-2020": 0.92,
    "nissan-altima-2013-2018": 0.9,
    "nissan-sentra": 0.88,
    "honda-any": 1.08,
    "toyota-camry": 1.05,
    "toyota-corolla": 1.05,
    "toyota-any": 1.03,
    "ford-f150": 0.95,
    "ford-focus-2012-2018": 0.85,
    "chevy-cruze": 0.9,
    "dodge-journey": 0.85,
    "jeep-compass-2007-2017": 0.88,
    "subaru-any": 1.05,
    "lexus-any": 1.08,
    "acura-any": 1.06,
    "mazda-any": 1.0,
    "bmw-any": 0.85,
    "mercedes-any": 0.85
  },
  "westernfunding": {
    "default": 1.0,
    "hyundai-2011-2022": 0.88,
    "kia-2011-2022": 0.88,
    "nissan-rogue-2014-2020": 0.9,
    "nissan-altima-2013-2018": 0.88,
    "ford-f150": 0.92,
    "ford-focus-2012-2018": 0.82,
    "toyota-any": 1.06,
    "honda-any": 1.05,
    "chevy-cruze": 0.88,
    "dodge-charger-2011-2021": 0.9,
    "jeep-grand-cherokee": 0.92,
    "subaru-any": 1.04,
    "lexus-any": 1.06,
    "mazda-any": 1.0
  },
  "capital_one": {
    "default": 1.0,
    "hyundai-2011-2022": 0.92,
    "kia-2011-2022": 0.92,
    "honda-any": 1.06,
    "toyota-any": 1.06,
    "lexus-any": 1.1,
    "acura-any": 1.08,
    "subaru-any": 1.06,
    "mazda-any": 1.02,
    "ford-f150": 1.0,
    "chevy-silverado": 1.0,
    "bmw-any": 0.9,
    "mercedes-any": 0.9
  },
  "ally": {
    "default": 1.0,
    "hyundai-2011-2022": 0.94,
    "kia-2011-2022": 0.94,
    "honda-any": 1.04,
    "toyota-any": 1.04,
    "subaru-any": 1.05,
    "ford-f150-2006+": 1.02,
    "chevy-silverado": 1.02,
    "lexus-any": 1.08,
    "acura-any": 1.06,
    "bmw-any": 0.92,
    "mercedes-any": 0.92
  },
  "chase": {
    "default": 1.0,
    "honda-any": 1.05,
    "toyota-any": 1.05,
    "lexus-any": 1.1,
    "acura-any": 1.08,
    "subaru-any": 1.04,
    "hyundai-2011-2022": 0.95,
    "kia-2011-2022": 0.95,
    "bmw-any": 0.95,
    "mercedes-any": 0.95
  }
}
